timeframe,rsi_at_entry,ema_diff,volume_ratio,session,htf_bias,trade_direction,sl_distance_points,entry_price,result,pnl_points
4H,66.46,-8.32,0.878,london,bullish,long,17.17,4817.55,loss,-10.46
1H,54.7,-11.97,1.017,newyork,bearish,long,25.3,5273.6,loss,-22.17
4H,37.24,10.82,0.801,london,bullish,short,28.62,4337.86,loss,-21.89
1H,62.28,19.38,1.253,london,bullish,short,11.88,4041.5,loss,-11.12
15m,29.22,-3.81,1.191,newyork,bearish,short,26.06,4057.34,win,35.36
Daily,63.72,-10.56,0.718,newyork,bearish,short,52.12,4201.25,win,61.6
4H,54.5,-17.9,1.598,overnight,bullish,long,12.72,4855.72,win,17.77
4H,30.54,-1.95,1.09,newyork,bearish,short,37.12,5212.28,loss,-33.2
15m,28.98,-2.53,0.574,asia,bullish,short,27.37,5330.21,loss,-27.06
1H,62.54,-5.21,1.033,newyork,bullish,long,14.38,4952.67,win,18.9
15m,39.65,1.77,1.16,asia,bullish,short,5.68,4604.71,win,7.67
Daily,69.47,3.16,1.478,newyork,bearish,long,20.03,4231.77,win,21.77
1H,63.1,2.58,0.934,newyork,bearish,short,8.4,4602.13,loss,-5.28
4H,59.91,-2.53,1.405,overnight,bullish,short,25.72,4498.62,loss,-21.32
1H,38.93,-8.81,1.122,newyork,bullish,short,49.56,5305.04,win,57.58
15m,60.45,5.33,0.663,london,bullish,short,44.58,4730.08,win,45.26
1H,72.41,0.1,0.641,asia,bullish,long,57.11,4339.29,win,66.11
15m,29.58,7.11,1.557,asia,bullish,short,28.49,4433.2,win,34.34
4H,41.31,6.32,1.598,london,bullish,short,43.93,4204.71,loss,-28.21
1H,36.73,-11.37,1.177,newyork,bearish,short,41.59,5377.88,win,38.67
4H,44.66,-11.47,1.774,overnight,bullish,short,16.94,4075.52,win,16.82
15m,62.12,-6.04,1.522,asia,bullish,long,21.7,4019.27,win,26.0
Daily,48.71,-8.45,1.335,overnight,bearish,short,34.14,4274.48,win,41.18
4H,53.54,6.04,0.764,newyork,bullish,long,48.82,5216.31,loss,-32.59
4H,40.71,2.81,1.927,asia,bullish,short,30.4,4785.2,win,26.63
15m,32.06,8.79,1.268,newyork,bullish,long,17.53,4938.76,win,22.63
1H,38.35,3.17,0.918,overnight,bullish,long,59.64,4536.6,win,72.34
15m,67.98,1.67,0.832,newyork,bullish,long,11.36,4103.02,loss,-10.08
15m,55.12,9.6,1.15,asia,bearish,short,57.57,5284.24,loss,-50.98
1H,43.9,3.76,0.586,newyork,bullish,long,49.5,4287.84,win,53.46
4H,64.5,0.54,1.343,newyork,bearish,long,51.14,4049.59,win,51.98
Daily,28.22,11.84,0.753,asia,bearish,short,48.72,4859.06,win,42.41
15m,37.69,0.92,1.197,newyork,bullish,long,16.45,4124.93,win,15.21
15m,36.51,-2.43,0.876,overnight,bullish,long,39.79,4143.64,win,32.42
1H,74.27,-6.7,0.958,newyork,bullish,long,46.62,5200.57,loss,-43.06
15m,60.3,5.62,0.807,newyork,bullish,long,46.01,4737.41,loss,-40.44
15m,55.89,9.9,0.994,newyork,bearish,short,19.94,4362.26,win,25.76
1H,25.25,-0.4,2.037,newyork,bearish,short,14.96,4522.94,win,16.7
15m,34.22,10.46,1.707,newyork,bullish,short,23.05,5093.86,win,24.31
1H,56.78,-15.76,1.19,london,bullish,long,31.39,4099.53,win,37.58
1H,43.99,-0.44,1.042,london,bullish,long,36.56,4174.72,win,41.12
4H,71.21,-0.32,1.413,asia,bearish,long,51.03,4924.39,win,44.85
4H,63.24,-5.82,1.561,asia,bearish,long,47.3,4910.46,loss,-40.37
15m,47.37,19.07,0.786,asia,bullish,short,42.19,5458.69,win,39.38
4H,62.48,-0.53,1.023,london,bullish,short,19.49,4561.82,loss,-16.84
4H,73.77,-3.26,0.556,newyork,bullish,long,31.34,4097.62,win,33.75
15m,48.05,0.21,1.558,london,bullish,short,23.45,4806.31,win,24.21
15m,57.13,-16.02,2.166,asia,bullish,short,17.92,4957.52,win,20.32
1H,70.93,-6.08,1.081,overnight,bullish,long,5.56,4209.4,loss,-3.86
15m,37.43,7.87,0.5,london,bullish,short,23.67,4829.29,win,23.4
15m,69.33,-5.03,1.301,asia,bullish,long,19.09,4296.65,win,21.23
15m,29.88,-6.63,0.766,london,bullish,long,36.45,5267.1,loss,-35.53
4H,57.42,10.48,0.833,london,bearish,short,8.43,5252.74,win,10.36
1H,64.14,10.72,1.309,london,bearish,short,19.88,4644.44,win,24.61
4H,55.73,4.14,1.149,london,bullish,long,7.46,5450.11,win,9.23
4H,49.78,-3.64,0.886,asia,bullish,short,40.28,5469.66,win,37.09
1H,55.87,-1.92,0.837,overnight,bearish,short,36.25,4193.88,loss,-35.49
1H,32.58,-6.43,1.099,london,bearish,short,23.56,4551.57,win,30.32
15m,35.78,-7.96,0.911,newyork,bullish,long,13.1,4900.48,loss,-9.75
15m,38.49,-8.36,0.713,asia,bearish,short,57.69,4127.26,win,80.21
1H,54.89,-4.94,0.936,overnight,bullish,short,37.14,4573.98,win,37.84
1H,47.1,-8.28,1.184,newyork,bullish,short,42.35,4391.76,loss,-30.94
1H,37.22,-12.51,0.988,london,bearish,short,34.22,5428.08,win,37.12
4H,69.14,1.76,0.641,newyork,bearish,short,49.36,4617.38,win,52.33
1H,43.7,1.88,1.486,newyork,bearish,short,54.3,5144.01,loss,-42.05
1H,47.3,13.61,0.403,overnight,bullish,short,26.05,4580.06,loss,-25.45
1H,45.49,-5.35,0.899,newyork,bearish,short,42.95,4197.72,win,48.99
15m,34.1,2.37,0.846,asia,bullish,long,17.64,5294.73,win,20.66
15m,61.58,2.5,1.107,london,bearish,long,40.85,4000.63,loss,-29.62
1H,47.42,-2.03,1.28,newyork,bullish,short,26.95,4083.91,win,31.41
15m,25.81,5.95,1.56,overnight,bullish,short,5.37,4546.58,loss,-3.71
1H,73.2,6.2,0.819,newyork,bearish,short,57.55,5030.35,loss,-36.61
4H,65.79,2.62,1.291,newyork,bearish,long,52.76,4512.56,win,53.25
15m,61.18,-2.05,1.126,overnight,bearish,short,21.0,4099.47,loss,-13.97
15m,68.45,-2.86,0.578,overnight,bullish,long,59.88,4476.76,win,82.34
15m,70.34,-10.94,2.045,newyork,bullish,long,22.44,4367.47,win,21.42
15m,41.87,-6.45,0.635,newyork,bearish,long,30.24,4008.13,loss,-29.63
1H,55.55,-4.98,1.218,newyork,bearish,long,51.82,4802.2,loss,-33.66
1H,55.44,-8.99,1.205,newyork,bullish,short,21.75,4174.97,win,25.88
4H,38.36,3.52,1.158,newyork,bearish,short,29.78,4431.24,win,25.5
1H,36.1,9.57,0.884,london,bearish,long,41.61,4961.78,loss,-26.74
1H,30.7,-7.26,1.404,overnight,bullish,short,12.18,5087.67,loss,-9.66
4H,57.97,2.27,0.609,overnight,bearish,long,28.23,4395.18,loss,-26.48
15m,64.05,-8.27,1.027,asia,bearish,long,22.02,4493.79,win,17.96
15m,63.05,-2.44,0.863,overnight,bearish,short,42.22,4370.36,win,51.4
15m,40.81,-5.52,0.829,asia,bearish,long,12.48,5435.33,loss,-11.16
4H,35.26,4.82,1.221,asia,bullish,short,17.8,4285.78,win,20.92
1H,47.68,-5.43,1.533,asia,bearish,long,44.13,4274.77,loss,-32.87
15m,52.34,8.09,0.932,newyork,bearish,long,13.59,4667.55,win,12.06
1H,70.95,-1.97,1.382,newyork,bearish,short,28.21,4283.96,win,29.94
15m,68.74,-5.2,1.07,london,bearish,short,44.21,4235.06,win,60.41
1H,70.8,-10.03,0.769,newyork,bullish,long,47.1,4143.82,win,44.12
1H,67.51,2.03,0.961,london,bullish,long,10.22,4960.26,win,12.32
15m,73.23,7.16,0.947,london,bullish,short,51.86,4918.12,loss,-41.87
15m,48.27,2.19,0.824,newyork,bearish,long,44.82,4975.24,win,55.17
1H,27.37,17.91,1.221,newyork,bearish,long,23.66,5159.95,win,22.31
15m,29.18,11.44,1.141,london,bearish,short,47.01,4489.54,win,50.34
15m,44.51,-2.46,0.602,asia,bullish,long,45.06,5377.64,loss,-34.55
15m,37.88,-2.54,0.59,overnight,bearish,short,38.05,5099.81,win,33.02
Daily,33.5,3.76,1.22,london,bullish,long,35.72,5207.06,win,35.98
Daily,72.66,-6.7,0.79,london,bullish,short,45.41,5081.44,loss,-43.55
1H,34.77,9.33,1.168,newyork,bearish,short,59.96,4537.68,loss,-37.03
15m,72.97,2.89,1.382,asia,bullish,long,36.82,4424.55,loss,-27.1
Daily,63.04,2.05,0.674,asia,bullish,long,49.48,4633.78,win,53.54
4H,57.05,5.5,0.641,london,bullish,long,45.94,4145.55,loss,-33.81
4H,58.8,13.78,1.889,asia,bullish,short,52.07,4676.92,loss,-41.4
1H,41.57,1.37,1.189,london,bullish,short,57.5,4064.71,win,49.71
15m,57.32,-0.9,0.908,newyork,bearish,short,15.62,4005.92,win,14.65
15m,34.33,12.07,0.758,overnight,bearish,long,14.1,5397.25,loss,-12.66
Daily,71.89,7.74,0.879,london,bullish,long,37.25,5034.01,win,37.07
1H,40.09,-2.57,0.693,london,bullish,short,29.71,4842.77,loss,-24.49
15m,37.76,0.04,1.432,newyork,bullish,short,36.39,4511.65,win,43.93
15m,60.56,1.56,0.801,newyork,bullish,short,48.89,4855.81,win,56.08
1H,57.82,2.89,1.541,overnight,bearish,long,56.24,5337.36,win,61.57
15m,47.56,-10.85,0.914,overnight,bullish,long,27.96,4978.57,loss,-27.44
4H,56.62,-12.34,0.73,london,bullish,long,44.49,4903.72,loss,-42.82
4H,32.97,-7.1,0.906,london,bullish,long,15.82,4690.31,loss,-14.73
4H,58.67,-7.72,0.42,asia,bullish,long,34.4,4518.55,win,30.88
1H,38.53,-5.15,1.008,london,bullish,short,6.2,5047.82,win,6.09
1H,38.64,5.08,0.991,overnight,bullish,long,32.71,5471.47,loss,-26.21
1H,33.11,-1.35,1.403,asia,bearish,short,34.99,4637.14,loss,-25.45
1H,41.62,1.57,0.543,london,bearish,short,45.45,4588.31,loss,-43.4
15m,41.56,-9.79,1.579,asia,bearish,short,40.72,4642.17,win,36.49
1H,47.71,-3.69,1.401,london,bullish,short,24.71,4638.32,win,33.15
15m,34.52,4.7,1.629,newyork,bearish,long,5.32,5485.94,loss,-4.65
1H,34.65,4.76,1.032,newyork,bearish,short,11.35,5060.17,loss,-7.21
15m,52.09,-5.8,1.499,newyork,bullish,long,58.52,4538.78,win,64.21
15m,31.44,1.29,0.628,asia,bullish,short,55.73,4557.25,loss,-39.41
15m,59.44,17.59,1.349,asia,bearish,short,22.88,4646.2,win,18.8
1H,72.2,-0.14,0.803,overnight,bullish,short,19.24,4055.07,win,20.32
15m,46.34,-5.55,0.59,overnight,bullish,long,29.0,4791.72,loss,-24.47
Daily,70.06,-1.39,0.709,newyork,bearish,long,42.95,5217.07,loss,-29.42
1H,29.92,0.74,1.053,london,bearish,long,24.63,4990.85,win,34.24
15m,27.15,-1.21,0.788,asia,bearish,long,8.7,4297.63,loss,-5.38
1H,61.07,-0.25,1.199,overnight,bearish,short,27.15,5092.05,loss,-17.26
15m,63.05,-11.55,0.558,newyork,bearish,long,19.33,5079.19,win,24.12
Daily,67.15,-7.7,0.499,newyork,bearish,long,22.87,4393.81,win,26.64
1H,27.84,-1.19,1.7,newyork,bullish,short,13.96,4934.31,loss,-9.74
4H,63.85,-1.32,1.442,london,bearish,long,41.24,4916.42,loss,-28.36
15m,43.83,-4.53,0.728,asia,bearish,short,33.96,5259.68,loss,-33.27
1H,40.17,-1.42,1.05,newyork,bearish,long,19.9,4204.11,loss,-12.88
1H,33.65,0.49,1.502,asia,bearish,long,35.46,4292.26,win,39.44
Daily,74.8,7.12,1.217,asia,bullish,short,32.1,4728.95,loss,-25.31
1H,28.18,-0.79,1.107,asia,bullish,short,48.78,4066.22,loss,-29.28
1H,66.35,3.19,1.542,newyork,bullish,short,57.58,4623.39,win,51.11
15m,56.97,-4.33,0.814,newyork,bullish,short,12.19,5182.33,loss,-7.8
15m,61.75,4.58,1.063,asia,bullish,long,53.62,4223.07,win,50.78
1H,60.59,3.01,1.045,asia,bearish,short,43.76,4689.92,win,42.72
1H,67.92,6.93,0.956,newyork,bearish,long,43.09,5484.65,win,47.37
15m,34.19,5.71,0.917,overnight,bullish,short,25.59,4758.88,win,22.96
4H,25.04,4.71,1.078,london,bullish,long,23.91,4747.49,loss,-21.71
4H,54.93,-0.79,1.064,overnight,bearish,short,5.31,4838.19,win,5.67
15m,42.69,1.96,0.728,london,bearish,long,59.02,4279.01,loss,-46.95
1H,31.19,8.51,1.392,london,bearish,short,38.36,4220.75,win,31.36
15m,34.31,-5.22,0.747,newyork,bullish,short,27.13,5016.03,loss,-22.44
1H,41.59,-5.03,0.974,london,bullish,short,34.91,4593.65,win,41.03
15m,28.51,1.45,0.948,london,bearish,short,7.23,4434.86,win,7.59
1H,27.85,3.32,1.192,london,bullish,long,14.55,4047.09,win,13.78
4H,70.8,-6.59,0.501,newyork,bullish,long,39.28,5269.08,loss,-29.2
4H,40.61,-0.6,1.436,asia,bullish,short,33.28,4048.49,win,45.51
15m,74.11,-0.75,0.829,london,bullish,long,48.29,5124.97,loss,-37.04
Daily,73.22,-17.72,1.611,asia,bullish,long,41.23,4572.98,loss,-24.78
15m,32.13,-1.76,0.889,asia,bearish,long,38.08,4898.03,loss,-31.45
15m,60.75,-1.26,1.033,london,bullish,short,49.84,4371.52,win,40.06
1H,55.04,-1.28,2.054,london,bearish,long,8.75,4233.1,win,10.91
15m,59.53,11.33,0.954,overnight,bearish,long,43.0,4800.08,loss,-37.73
4H,29.81,-9.73,1.622,asia,bullish,short,44.36,5043.43,loss,-26.61
4H,34.43,-6.6,1.066,newyork,bullish,long,20.13,4293.24,win,25.58
15m,28.83,-20.9,1.216,asia,bearish,long,15.76,4654.54,loss,-13.86
Daily,55.21,-3.85,1.077,london,bearish,long,16.76,4666.98,win,23.24
15m,74.33,-3.17,1.414,newyork,bullish,short,15.9,4323.97,loss,-14.1
1H,58.6,-4.08,0.827,asia,bullish,long,33.81,4847.57,win,33.81
15m,60.54,8.86,0.745,london,bearish,short,12.46,4218.9,loss,-11.0
Daily,74.23,6.88,0.841,asia,bullish,long,41.26,4764.62,win,34.22
15m,58.9,0.62,1.089,newyork,bullish,long,10.78,4170.15,win,13.96
15m,27.01,-2.96,0.973,asia,bullish,long,6.48,4728.31,loss,-5.8
1H,68.35,8.21,1.348,newyork,bullish,long,22.56,4467.4,win,28.54
Daily,43.23,-0.16,1.66,newyork,bearish,long,15.55,4678.37,loss,-9.72
4H,25.22,-6.55,0.747,london,bullish,long,59.38,4650.62,loss,-44.2
4H,50.36,-13.73,0.813,london,bullish,long,21.66,5361.9,win,18.19
4H,71.85,-3.53,0.636,asia,bearish,short,17.21,4734.9,win,21.96
4H,37.87,6.04,2.14,london,bullish,short,15.82,5227.75,loss,-11.61
1H,49.58,18.21,1.17,london,bullish,short,25.56,4338.48,loss,-18.15
15m,33.69,0.49,1.244,london,bearish,short,38.32,4528.12,loss,-34.97
4H,27.88,-6.12,0.658,london,bullish,short,48.01,4112.63,win,47.19
1H,29.03,-9.48,1.051,asia,bearish,short,25.05,4631.12,loss,-23.26
15m,61.35,4.42,1.256,newyork,bullish,short,39.43,5003.05,win,47.71
15m,68.2,-14.12,0.962,overnight,bullish,long,31.51,5257.25,loss,-23.44
4H,32.16,4.4,1.532,london,bullish,short,51.56,4848.87,win,70.97
15m,39.42,6.54,2.361,asia,bearish,long,36.3,4960.11,win,35.47
Daily,34.75,3.49,0.755,newyork,bullish,short,20.94,4265.9,loss,-12.59
15m,26.34,-1.76,0.735,newyork,bullish,short,43.7,4055.81,loss,-30.33
15m,52.67,4.52,0.773,overnight,bearish,long,50.1,5187.53,win,47.69
4H,60.0,1.37,1.844,overnight,bullish,long,30.6,4250.56,loss,-22.2
15m,57.39,-6.22,1.514,overnight,bearish,long,59.3,4136.75,win,68.56
15m,44.4,14.8,1.003,london,bullish,long,53.35,5406.34,win,57.75
1H,52.75,-2.81,1.065,london,bearish,short,15.83,5445.28,win,16.13
4H,29.7,6.21,0.79,asia,bullish,short,48.27,4924.39,loss,-29.69
15m,32.72,-19.35,1.435,london,bearish,short,38.05,4567.96,win,49.36
15m,71.59,10.21,0.92,asia,bullish,short,34.41,5249.86,loss,-31.53
4H,63.08,11.75,0.96,newyork,bearish,long,33.27,4307.08,win,33.46
Daily,71.14,0.24,1.301,newyork,bearish,long,51.94,4644.09,loss,-50.07
1H,70.83,4.47,0.984,asia,bullish,short,38.6,4535.53,loss,-28.03
15m,57.47,4.47,0.968,asia,bullish,short,34.57,5369.05,loss,-30.31
15m,71.41,-5.14,1.055,london,bullish,short,7.69,5379.67,win,7.12
15m,45.84,4.38,1.389,london,bearish,long,29.66,4976.33,loss,-28.33
15m,25.18,-6.47,1.871,newyork,bearish,short,54.94,4166.11,win,73.62
1H,28.13,-4.87,1.29,newyork,bearish,short,44.15,4723.29,loss,-33.12
15m,30.47,9.02,1.393,london,bullish,long,7.8,4367.99,win,8.25
1H,29.77,7.8,0.98,newyork,bearish,long,53.62,5327.37,win,74.58
1H,42.59,-5.65,0.821,asia,bullish,long,50.47,4207.6,win,43.8
1H,60.06,-5.87,1.322,asia,bearish,long,35.07,4081.47,loss,-21.97
15m,64.53,-5.16,1.116,newyork,bullish,long,6.23,5056.64,loss,-4.35
4H,54.51,5.86,0.639,newyork,bearish,short,35.93,4679.93,win,32.0
4H,32.32,-8.0,0.937,london,bearish,short,8.0,5257.55,loss,-6.16
4H,62.4,2.85,1.021,newyork,bearish,long,22.62,4111.94,loss,-17.85
15m,42.74,5.97,0.879,newyork,bullish,short,39.59,5201.61,win,51.93
15m,25.65,-0.71,1.766,newyork,bullish,short,55.21,4056.0,loss,-50.58
Daily,39.03,8.08,1.244,asia,bearish,long,24.68,4042.11,win,32.66
15m,41.53,-2.43,1.7,london,bullish,long,52.3,4691.97,win,43.86
15m,38.71,-1.71,1.153,london,bullish,long,55.51,4331.94,win,69.62
1H,65.59,-7.82,1.082,london,bearish,short,6.16,4890.58,loss,-5.18
1H,63.0,8.14,0.757,overnight,bearish,short,18.17,4038.73,loss,-13.47
Daily,59.78,-6.13,1.056,newyork,bearish,short,44.04,4053.08,win,51.11
15m,31.95,2.8,1.056,london,bearish,short,46.63,5090.72,win,38.56
Daily,65.39,-0.57,0.651,overnight,bullish,long,26.58,4315.25,win,34.92
15m,58.86,-8.42,0.87,newyork,bullish,long,41.12,4984.63,loss,-32.39
1H,34.74,-4.87,0.939,newyork,bearish,short,38.67,5124.88,loss,-23.92
1H,57.4,11.06,1.215,overnight,bullish,long,45.69,4089.0,win,61.93
15m,49.18,1.61,1.235,london,bullish,long,44.53,5154.63,win,60.99
15m,46.97,-8.07,0.858,london,bullish,long,9.72,4402.63,win,13.56
1H,30.61,2.44,1.239,newyork,bearish,long,13.7,4584.32,win,14.88
Daily,50.92,-1.17,0.986,london,bearish,long,12.3,4129.96,win,11.15
1H,30.0,27.63,0.385,asia,bullish,long,56.29,5257.94,win,61.51
Daily,33.21,2.28,0.887,london,bullish,long,55.24,4841.09,win,47.59
4H,31.63,-3.04,1.534,london,bullish,short,48.86,4757.0,win,64.66
1H,72.71,11.36,0.584,london,bearish,short,11.42,5452.83,loss,-10.92
4H,39.24,-14.73,1.094,newyork,bullish,short,36.58,4501.76,win,38.15
15m,42.76,0.75,1.831,london,bearish,short,15.3,5336.17,win,12.97
15m,41.1,15.96,0.806,london,bullish,short,25.26,5079.53,loss,-18.24
4H,69.91,-0.93,1.052,overnight,bullish,long,19.69,5392.79,loss,-17.75
4H,53.15,-13.87,0.666,newyork,bullish,short,50.59,5361.7,win,61.82
15m,70.96,-3.17,1.858,newyork,bearish,short,12.94,5486.54,win,11.0
1H,40.0,11.64,1.021,london,bullish,short,40.54,4197.52,loss,-25.32
1H,30.74,3.01,1.069,newyork,bullish,long,59.11,5194.02,win,61.21
4H,52.81,-6.71,1.689,london,bullish,long,42.79,5206.74,win,36.83
1H,42.28,-5.48,1.325,newyork,bullish,short,9.36,4966.56,win,12.73
1H,65.1,-4.48,0.774,london,bullish,short,54.93,4418.29,win,65.44
15m,68.97,2.89,0.838,overnight,bearish,short,40.37,5447.72,win,34.59
1H,48.63,10.71,1.25,overnight,bullish,short,30.1,4306.63,loss,-21.01
1H,73.57,8.42,0.845,london,bullish,long,41.28,4749.36,win,42.15
4H,52.65,3.65,0.501,london,bullish,long,53.35,4782.23,win,50.52
1H,38.55,-10.65,1.032,london,bearish,short,31.24,4242.74,win,35.68
15m,49.45,-10.62,0.626,newyork,bullish,short,34.22,5083.79,loss,-32.43
15m,26.87,4.27,1.851,london,bullish,long,29.88,4133.3,win,32.25
4H,65.2,-10.76,1.118,overnight,bullish,long,8.99,5039.65,loss,-7.22
4H,30.07,-1.8,0.766,asia,bullish,long,48.29,5272.92,loss,-31.35
15m,40.44,2.43,0.823,asia,bullish,long,11.95,4524.09,win,12.02
15m,53.27,-9.1,0.543,newyork,bearish,short,26.7,5064.13,loss,-17.43
1H,27.15,-8.19,0.715,overnight,bullish,long,26.28,4235.16,loss,-16.04
15m,28.97,-0.75,1.5,london,bullish,short,20.4,5268.92,win,23.18
4H,59.81,4.03,2.296,newyork,bullish,long,27.14,5428.05,win,25.85
15m,28.59,8.49,1.356,newyork,bullish,short,38.99,4229.04,win,44.56
15m,48.85,4.86,1.018,overnight,bearish,long,22.13,5037.79,win,19.98
Daily,41.93,0.59,0.904,newyork,bearish,short,14.49,4758.75,win,19.77
15m,36.4,-5.97,0.752,asia,bearish,short,52.82,4797.25,loss,-39.01
15m,34.44,-8.57,2.162,london,bullish,short,58.4,5059.73,loss,-46.92
15m,63.17,-4.09,0.984,overnight,bearish,short,30.22,4733.11,win,38.26
15m,72.58,3.28,2.204,newyork,bullish,short,22.99,4900.49,win,19.71
15m,32.01,2.69,1.712,newyork,bearish,short,7.61,4346.35,win,9.47
15m,72.98,-16.8,0.572,overnight,bearish,long,7.03,4567.76,loss,-5.69
15m,54.74,-6.29,0.833,newyork,bearish,long,26.61,5297.86,win,23.45
15m,57.08,9.64,0.832,newyork,bearish,long,56.16,4164.85,loss,-46.74
1H,60.5,0.63,1.022,newyork,bullish,long,45.19,4896.36,loss,-31.05
1H,60.21,-11.34,1.029,london,bullish,short,24.21,4276.43,win,27.07
15m,65.99,18.85,3.0,newyork,bearish,long,58.24,5269.81,loss,-40.44
15m,49.17,-0.23,0.721,london,bullish,long,28.58,4868.57,win,23.88
1H,51.67,3.07,1.139,london,bearish,short,20.22,4604.57,loss,-15.13
4H,41.19,3.2,1.304,overnight,bearish,long,28.45,4374.74,win,33.02
4H,30.26,-2.94,1.051,newyork,bearish,long,16.63,4655.27,win,19.53
15m,58.23,-5.82,1.093,newyork,bullish,short,53.71,5436.42,loss,-50.38
15m,26.68,16.97,0.729,newyork,bearish,short,24.86,4763.81,win,25.54
15m,38.78,8.03,1.091,newyork,bullish,short,41.19,4704.23,loss,-24.84
15m,29.71,6.58,1.257,newyork,bullish,short,26.4,5119.41,win,31.52
1H,34.54,4.61,1.179,overnight,bullish,short,54.6,4568.57,loss,-53.09
1H,56.94,-8.03,1.283,overnight,bearish,short,40.33,4641.14,loss,-33.95
15m,56.42,10.22,1.724,newyork,bearish,long,31.85,4505.42,win,35.96
15m,46.05,-6.75,1.459,newyork,bearish,short,12.27,4226.38,win,14.07
1H,29.51,2.27,1.078,newyork,bearish,long,54.61,5070.71,loss,-48.41
15m,46.67,-13.12,0.698,newyork,bullish,long,35.07,5309.55,win,29.19
4H,42.64,-16.33,0.852,newyork,bullish,short,20.68,5358.39,win,16.59
15m,61.02,2.55,0.973,asia,bearish,short,53.29,5321.2,loss,-32.36
Daily,53.95,-6.47,1.148,newyork,bullish,long,7.99,4677.68,win,7.36
15m,49.58,-15.91,0.889,newyork,bullish,short,22.27,4426.1,loss,-16.85
4H,49.35,4.32,0.758,newyork,bearish,short,34.53,4956.89,win,39.57
Daily,73.31,16.96,0.694,newyork,bearish,short,23.69,5432.06,loss,-19.38
Daily,62.81,11.12,0.59,london,bullish,long,31.22,5090.58,win,40.59
4H,49.85,-2.06,0.968,london,bearish,short,19.54,4742.27,win,23.82
4H,48.96,0.07,0.629,asia,bullish,long,12.15,5033.21,win,9.89
1H,26.32,7.1,0.741,newyork,bullish,short,7.03,5158.81,loss,-4.96
4H,72.13,8.98,0.916,london,bullish,long,13.67,5378.9,loss,-10.89
15m,40.96,-2.75,0.659,newyork,bearish,short,57.41,5144.82,loss,-47.31
1H,37.8,0.27,1.201,asia,bullish,long,36.65,4649.79,win,45.3
1H,74.97,2.4,1.362,london,bullish,long,31.89,4410.41,win,38.64
4H,60.93,4.43,0.867,asia,bearish,long,26.14,4749.82,loss,-22.8
1H,27.37,-1.06,0.902,overnight,bearish,short,43.96,4492.27,loss,-34.91
15m,28.09,-0.96,1.269,newyork,bearish,long,12.77,5414.15,win,15.19
1H,26.28,11.04,0.819,asia,bearish,short,20.19,4761.95,loss,-17.56
15m,54.98,9.68,0.799,london,bearish,long,41.07,4708.08,win,34.58
15m,28.58,3.82,1.598,overnight,bearish,long,31.35,4522.29,win,30.33
1H,71.67,13.75,1.433,newyork,bearish,short,47.36,4959.11,loss,-38.66
1H,71.85,-3.09,1.298,overnight,bearish,short,54.34,4780.08,win,64.03
15m,52.3,12.98,1.454,newyork,bullish,long,50.29,4193.57,win,55.7
15m,55.83,4.34,0.526,london,bullish,long,15.13,5303.81,win,19.03
15m,39.59,26.17,1.689,london,bearish,long,10.03,4538.52,loss,-6.9
15m,28.2,-9.54,1.206,asia,bullish,short,14.32,4648.87,win,17.49
15m,61.87,-5.51,1.497,newyork,bearish,short,48.09,4308.5,win,62.04
1H,30.09,3.35,1.204,london,bullish,long,55.26,4830.1,win,69.57
15m,29.28,3.18,1.069,asia,bearish,short,55.9,5053.08,win,70.57
Daily,40.56,15.6,0.955,overnight,bullish,long,21.4,5321.75,win,28.53
Daily,25.62,-5.35,1.195,newyork,bearish,long,51.22,4077.41,loss,-31.13
1H,46.7,7.24,0.943,newyork,bullish,short,34.49,5460.0,win,42.02
15m,60.38,9.3,1.424,london,bullish,short,50.25,5055.73,win,69.41
1H,65.07,5.64,0.603,asia,bullish,long,35.16,4426.45,loss,-31.31
4H,55.22,-7.69,0.87,newyork,bearish,short,13.02,4306.71,win,12.12
1H,67.34,11.26,2.15,overnight,bullish,long,9.36,4444.13,loss,-7.73
4H,45.33,9.83,0.844,newyork,bearish,short,57.65,5313.59,loss,-40.47
1H,67.44,4.8,0.967,newyork,bullish,long,28.42,4437.09,win,28.46
1H,50.32,1.63,0.772,london,bullish,long,24.28,4694.23,win,21.93
15m,36.15,1.81,1.182,london,bearish,long,24.6,5058.61,win,26.53
4H,72.21,-0.63,0.812,asia,bullish,short,25.84,5307.98,loss,-21.85
15m,38.75,5.13,0.985,newyork,bullish,short,56.97,4987.86,win,62.37
1H,26.31,0.25,1.415,newyork,bearish,long,8.45,5129.66,win,11.46
4H,37.13,-6.79,0.823,overnight,bearish,short,11.55,4259.99,win,12.55
15m,43.33,-8.39,1.385,overnight,bearish,short,48.43,5316.11,win,53.7
1H,42.57,-6.02,1.402,overnight,bullish,long,35.22,4413.58,loss,-30.08
15m,51.23,1.78,1.521,london,bearish,short,12.07,4192.57,win,15.58
4H,69.16,-0.22,1.104,newyork,bullish,short,6.9,5464.37,win,6.51
15m,39.62,1.72,3.269,overnight,bearish,long,17.33,4302.46,loss,-11.74
Daily,51.04,4.01,1.521,newyork,bearish,long,19.34,4204.98,win,22.78
15m,42.01,-5.02,1.178,london,bullish,long,5.78,4939.03,win,7.56
Daily,66.09,11.73,0.774,asia,bullish,short,16.88,4478.29,loss,-14.02
4H,32.88,-2.14,1.016,newyork,bullish,short,45.61,4200.02,loss,-37.72
1H,30.18,-3.47,1.732,newyork,bullish,long,52.05,4901.68,win,64.79
4H,50.15,3.86,1.912,overnight,bullish,long,54.4,5138.48,win,65.38
4H,58.59,-14.69,1.764,newyork,bearish,long,26.45,5189.8,win,30.12
Daily,64.78,-6.32,1.384,newyork,bullish,long,22.57,4233.27,win,29.74
15m,54.48,7.85,0.677,newyork,bullish,long,59.99,4835.3,loss,-57.6
1H,63.69,-13.9,1.247,newyork,bearish,long,47.31,5220.52,loss,-43.62
15m,44.64,8.94,0.681,london,bullish,short,34.55,4241.63,loss,-33.55
1H,26.64,12.09,0.625,asia,bearish,long,19.01,4311.52,win,22.76
15m,30.8,-2.96,1.143,asia,bearish,short,22.67,4003.62,loss,-18.19
1H,26.94,2.33,1.263,london,bearish,long,33.35,4786.95,loss,-27.81
1H,41.45,8.95,1.442,newyork,bullish,long,34.81,4292.02,loss,-23.81
1H,49.77,-3.73,1.251,overnight,bullish,short,5.75,5086.36,loss,-3.91
1H,42.82,6.94,1.266,london,bearish,short,57.77,5443.32,win,63.2
4H,53.03,-5.37,0.745,newyork,bearish,short,36.66,4313.13,win,32.11
4H,49.03,-3.82,1.013,newyork,bullish,short,37.4,4973.65,loss,-32.13
1H,58.9,-6.39,0.62,asia,bearish,long,16.63,4317.75,loss,-11.75
1H,58.35,2.74,0.521,london,bearish,long,47.07,4027.01,loss,-37.79
Daily,40.9,9.26,1.362,asia,bullish,short,45.55,5137.83,loss,-27.75
15m,42.31,-1.47,0.808,newyork,bearish,short,10.23,4651.01,win,9.7
15m,54.26,-10.17,1.427,newyork,bullish,short,37.72,5420.18,win,51.95
15m,54.82,-8.66,1.549,london,bearish,short,41.2,4801.43,win,54.23
1H,40.73,3.16,0.846,newyork,bearish,long,50.96,4236.22,loss,-50.26
1H,41.52,14.75,1.293,newyork,bearish,long,16.34,4674.66,loss,-12.88
4H,59.7,3.15,0.834,london,bullish,long,53.27,4304.34,loss,-33.74
1H,57.37,-3.1,0.551,london,bullish,short,30.38,5317.04,win,33.93
15m,31.75,6.13,1.098,london,bearish,short,10.31,5036.35,win,14.28
4H,47.05,-1.92,0.892,newyork,bearish,long,10.81,4511.86,win,9.0
4H,69.64,-3.03,0.901,london,bearish,short,15.88,4791.73,loss,-10.72
15m,26.82,-7.67,2.099,overnight,bullish,short,20.55,5004.22,loss,-15.81
15m,67.76,11.27,0.616,newyork,bullish,long,32.3,5174.29,loss,-22.79
15m,33.16,-20.31,1.202,asia,bearish,long,46.18,4120.22,loss,-39.1
15m,50.36,6.38,0.742,overnight,bullish,short,15.27,4033.78,loss,-12.13
15m,46.22,-3.71,1.445,london,bearish,short,59.6,4171.68,win,52.62
Daily,25.51,-3.28,1.167,asia,bullish,long,13.88,4592.49,win,14.78
1H,70.77,13.54,1.201,overnight,bullish,long,37.97,4700.06,loss,-29.25
15m,47.75,-5.71,0.755,newyork,bullish,long,56.09,4204.69,win,72.94
4H,72.71,-5.44,0.804,newyork,bearish,short,50.79,4616.73,win,55.76
1H,39.34,-1.04,1.454,newyork,bearish,long,40.63,4662.43,win,37.53
Daily,68.31,3.31,1.954,london,bullish,short,44.35,4163.63,loss,-31.63
4H,71.12,-3.53,1.244,newyork,bullish,long,12.38,5374.99,loss,-9.88
1H,52.84,-12.59,0.768,overnight,bearish,long,5.53,4898.72,loss,-3.98
15m,35.13,-6.93,1.184,overnight,bullish,long,28.88,4582.8,loss,-28.83
Daily,59.26,10.25,2.459,london,bearish,short,9.92,4760.36,win,9.6
4H,52.45,0.6,1.09,asia,bullish,long,24.68,4471.3,loss,-23.82
Daily,72.23,3.61,1.754,newyork,bullish,short,17.31,5281.5,loss,-16.74
15m,46.96,-2.09,0.811,overnight,bullish,long,55.4,4862.52,win,50.22
4H,38.43,-5.28,1.036,london,bearish,short,53.4,4742.34,win,60.76
1H,31.91,13.42,1.306,overnight,bullish,long,50.04,5366.33,win,68.51
15m,59.93,-1.51,1.208,asia,bearish,long,44.27,5256.97,win,54.15
1H,73.71,-3.55,0.804,london,bullish,short,13.47,5219.2,win,13.19
1H,26.42,8.77,0.792,london,bullish,short,7.66,4338.41,loss,-6.27
15m,62.02,-5.78,1.486,asia,bearish,short,40.96,4229.68,win,39.72
1H,71.35,-4.76,1.595,london,bearish,long,40.32,5035.14,win,45.39
4H,28.74,0.08,1.785,newyork,bullish,short,25.32,4702.96,loss,-16.04
15m,30.51,0.0,1.977,overnight,bullish,long,31.0,5025.57,win,29.4
1H,59.6,2.08,1.102,newyork,bullish,short,31.9,5140.94,loss,-22.65
1H,57.4,16.73,0.943,newyork,bearish,short,18.2,4442.97,loss,-14.38
15m,28.44,2.69,1.687,newyork,bullish,short,22.28,4426.98,win,21.17
Daily,66.72,-19.02,1.349,london,bullish,short,28.01,4736.25,win,35.87
4H,51.17,2.61,0.745,overnight,bullish,short,38.17,4410.32,loss,-25.92
15m,70.36,0.3,0.732,newyork,bearish,short,57.57,5000.94,win,64.45
Daily,68.9,0.35,1.249,london,bullish,long,34.62,5120.1,win,30.55
4H,65.63,1.97,0.988,london,bearish,long,45.21,4708.06,loss,-36.66
15m,50.79,-0.23,1.042,overnight,bullish,short,49.39,5085.7,loss,-33.08
4H,37.59,-0.42,1.53,london,bullish,short,11.24,4765.66,win,12.95
15m,50.3,4.9,1.371,overnight,bullish,short,40.92,5069.31,loss,-34.8
Daily,30.04,-4.34,1.674,asia,bullish,short,31.52,4337.45,loss,-31.18
1H,57.94,-7.58,0.535,asia,bullish,long,36.48,5108.26,loss,-31.55
1H,31.7,24.19,1.149,overnight,bearish,long,7.11,5072.69,loss,-4.31
15m,50.56,-5.73,1.341,asia,bullish,short,54.84,4399.91,loss,-48.37
4H,27.72,0.8,0.616,overnight,bearish,short,57.4,4833.96,loss,-40.2
15m,39.98,-11.97,0.836,london,bullish,long,5.19,5282.97,win,4.89
15m,36.6,0.93,0.783,asia,bullish,long,16.7,4374.28,win,15.38
15m,56.0,-7.47,1.059,newyork,bullish,long,14.91,5103.97,win,17.48
4H,64.34,-3.54,1.858,newyork,bullish,long,47.97,5430.95,win,54.39
15m,27.87,8.36,2.134,overnight,bearish,short,37.89,5299.36,win,35.45
Daily,67.51,3.78,0.791,overnight,bullish,short,14.75,4602.28,loss,-10.24
1H,68.04,4.55,1.264,asia,bearish,short,49.77,4910.81,loss,-41.27
15m,42.11,-14.17,1.278,newyork,bearish,short,24.44,5487.66,win,19.84
15m,57.95,14.7,1.204,newyork,bearish,long,30.35,4852.66,win,25.78
15m,45.13,-9.54,1.209,newyork,bullish,long,26.3,4172.54,win,26.8
1H,32.71,12.23,1.169,newyork,bullish,long,33.68,4068.15,win,46.64
4H,51.43,8.17,1.898,newyork,bearish,long,31.41,5185.47,loss,-24.92
15m,29.32,4.62,1.546,london,bullish,short,20.1,4635.44,loss,-15.55
4H,68.92,-6.84,0.725,london,bullish,long,28.35,4370.22,win,28.15
15m,71.21,1.21,1.389,asia,bearish,long,54.96,4521.51,loss,-52.68
4H,66.08,-3.77,1.437,newyork,bearish,short,32.66,5136.06,win,45.06
Daily,53.13,0.23,1.174,overnight,bearish,short,55.4,4697.87,win,56.21
4H,52.88,-2.0,1.562,newyork,bullish,long,35.26,5302.75,win,49.34
1H,74.23,-16.31,1.123,london,bearish,long,47.28,5102.39,loss,-40.58
4H,37.4,8.97,1.128,london,bullish,short,21.15,5461.02,loss,-14.9
15m,28.8,-0.65,1.097,london,bearish,short,48.47,5332.76,loss,-41.4
15m,53.1,-3.88,0.519,overnight,bearish,short,19.54,4381.82,loss,-12.73
15m,41.44,-4.48,1.022,london,bearish,long,6.08,4988.59,win,6.72
1H,41.12,2.87,0.832,newyork,bearish,long,13.84,4030.81,loss,-13.8
4H,25.35,-7.15,0.694,overnight,bullish,long,6.19,5486.66,loss,-5.29
1H,54.81,-18.04,1.737,overnight,bullish,short,57.09,4391.51,win,59.26
4H,38.2,3.26,1.254,london,bullish,short,60.0,4997.19,loss,-46.8
15m,34.39,4.15,1.04,london,bullish,short,46.92,5273.73,loss,-45.99
4H,27.02,-1.6,0.863,london,bearish,short,10.95,4240.7,loss,-8.49
15m,43.22,-9.18,1.166,london,bullish,short,54.44,5271.82,loss,-52.27
15m,68.95,0.71,1.487,london,bearish,long,45.91,4018.37,win,41.16
4H,41.83,-11.72,0.787,newyork,bullish,long,23.27,4662.97,win,19.69
Daily,58.95,-8.22,1.049,overnight,bullish,short,32.63,4708.06,loss,-28.66
1H,62.83,-6.01,1.425,newyork,bullish,long,41.4,4561.14,win,57.38
15m,41.41,6.75,0.534,newyork,bearish,long,6.32,4879.58,win,5.86
1H,66.08,-2.9,1.03,london,bearish,long,32.58,5372.26,win,39.57
15m,59.59,-3.58,0.905,asia,bearish,long,45.28,4490.48,loss,-28.12
4H,52.96,15.64,1.003,newyork,bullish,short,15.35,4868.89,win,18.1
4H,25.05,2.82,0.882,overnight,bullish,short,29.41,5316.19,loss,-24.9
15m,26.75,2.71,1.103,overnight,bearish,short,34.29,5159.49,loss,-31.2
15m,74.54,-2.96,2.061,newyork,bearish,long,45.46,4061.1,win,53.43
15m,64.11,-4.77,0.939,london,bullish,long,58.04,5414.19,win,66.3
Daily,71.88,-17.49,1.164,london,bearish,long,51.66,4069.97,win,47.09
1H,70.12,7.75,2.113,newyork,bullish,long,39.18,4883.14,loss,-23.78
4H,26.02,3.59,0.867,overnight,bullish,short,37.1,4863.03,loss,-33.87
1H,64.59,-1.43,1.984,newyork,bearish,short,38.18,5179.59,win,44.08
1H,47.56,-1.1,1.053,asia,bullish,short,34.98,4222.66,win,37.15
15m,64.48,5.89,1.961,newyork,bullish,long,8.26,4269.06,win,7.85
Daily,25.34,-12.44,1.367,london,bearish,short,43.41,5128.16,loss,-33.12
15m,39.41,-4.72,1.171,newyork,bearish,long,44.4,4224.26,win,40.2
1H,62.57,-9.09,1.027,asia,bullish,long,33.19,4704.17,win,45.13
1H,64.65,14.17,0.845,asia,bullish,short,52.87,5097.47,loss,-33.02
1H,55.99,7.01,1.08,newyork,bearish,long,41.98,4976.86,win,42.67
Daily,40.06,-17.62,1.439,london,bearish,long,24.95,4315.91,win,24.52
15m,40.52,-12.11,1.046,asia,bearish,short,6.08,4455.94,win,5.37
1H,73.34,-1.06,0.941,london,bearish,long,8.25,5453.46,loss,-7.95
1H,46.96,-3.78,0.963,overnight,bullish,short,24.35,4673.01,win,28.65
1H,47.36,-10.6,1.488,london,bearish,long,30.42,4066.69,loss,-18.48
15m,52.62,15.56,1.614,london,bullish,short,14.18,4329.38,win,15.69
15m,45.48,2.5,0.832,newyork,bullish,long,15.41,4513.65,win,13.12
15m,52.63,3.8,0.832,newyork,bearish,long,17.66,5499.23,loss,-13.66
15m,46.62,-5.54,1.201,newyork,bullish,short,47.93,4454.04,loss,-47.2
1H,66.34,5.78,1.794,newyork,bearish,long,47.42,4039.59,loss,-40.83
1H,70.45,-3.04,1.57,overnight,bullish,short,26.06,4769.38,loss,-16.78
1H,71.61,-2.27,0.678,newyork,bearish,long,14.48,4125.41,win,13.86
1H,53.21,4.89,0.958,newyork,bearish,short,11.1,4411.1,win,12.49
1H,47.11,-13.03,0.759,newyork,bullish,short,9.79,5488.57,win,11.59
15m,60.26,12.78,0.957,london,bullish,long,26.52,5056.96,win,36.53
1H,66.92,1.46,1.843,newyork,bearish,long,7.5,4076.0,loss,-6.66
15m,53.15,10.25,0.639,london,bullish,short,23.35,4673.03,loss,-15.48
15m,60.0,-8.6,0.597,newyork,bullish,short,57.88,4257.46,win,58.63
1H,62.49,-7.39,0.787,london,bullish,long,32.91,4184.42,win,43.26
1H,58.82,-9.3,1.162,overnight,bearish,long,50.25,4880.6,loss,-45.73
15m,62.31,2.0,1.306,newyork,bullish,short,12.11,4758.48,win,14.83
1H,35.43,0.53,1.225,overnight,bearish,short,19.74,5114.3,win,16.85
1H,49.92,-3.72,1.586,newyork,bullish,long,57.06,5338.46,win,79.41
4H,54.41,-8.11,0.567,london,bullish,long,26.1,4370.02,win,35.81
1H,25.12,-10.13,1.593,asia,bullish,short,40.66,5384.49,win,43.32
1H,67.8,-0.39,0.942,newyork,bearish,long,58.69,4776.99,loss,-53.36
15m,55.5,-3.72,1.358,asia,bullish,long,35.29,4388.25,win,40.89
4H,31.46,-5.48,0.662,newyork,bullish,short,21.79,5268.68,loss,-20.42
1H,65.82,12.38,1.053,newyork,bearish,long,34.26,4053.29,loss,-28.6
1H,60.85,-0.66,1.142,overnight,bullish,short,8.01,4839.26,loss,-6.06
1H,62.91,10.16,1.575,newyork,bullish,long,11.18,5082.43,win,12.47
15m,44.6,-4.27,0.604,newyork,bullish,short,5.39,4419.97,loss,-4.39
1H,67.71,1.96,1.063,asia,bullish,long,53.63,5295.24,win,72.48
4H,45.7,-0.44,0.719,asia,bearish,short,41.92,4360.43,win,36.43
4H,53.53,-13.58,1.255,overnight,bearish,long,21.41,5259.81,loss,-20.79
Daily,25.03,11.43,1.38,newyork,bearish,long,17.16,4117.82,loss,-10.51
1H,57.24,-1.08,1.65,newyork,bearish,short,42.57,4239.89,win,37.79
1H,60.91,5.97,0.872,asia,bullish,short,55.57,4571.48,win,45.14
4H,53.36,-6.02,1.454,newyork,bullish,short,21.45,5281.08,win,21.84
15m,49.83,-1.32,1.693,asia,bullish,long,22.69,4216.88,loss,-14.27
4H,65.5,-6.93,0.591,newyork,bearish,long,51.98,5313.16,win,57.85
1H,59.07,9.89,1.303,london,bullish,short,54.14,4344.6,loss,-50.73
15m,38.9,2.49,1.47,asia,bearish,short,55.27,4678.76,win,66.6
15m,72.95,2.94,0.96,london,bullish,long,21.12,4529.1,win,18.68
4H,60.36,10.87,0.688,london,bearish,short,11.62,4177.19,loss,-10.73
15m,74.4,9.25,1.462,newyork,bullish,short,29.2,5416.46,win,34.32
15m,73.56,6.12,0.691,asia,bearish,short,21.27,4657.27,loss,-18.11
15m,70.95,-11.37,0.988,overnight,bearish,short,53.61,5035.5,win,60.8
15m,62.77,-5.57,1.037,london,bearish,short,7.01,4862.9,loss,-4.7
15m,55.47,-8.03,1.35,london,bullish,short,39.86,4752.57,win,51.28
4H,33.61,5.82,0.844,overnight,bullish,short,54.84,4924.87,loss,-40.03
15m,52.17,1.37,0.827,london,bearish,short,58.72,5347.51,loss,-57.18
4H,63.27,-11.12,1.088,london,bullish,short,40.76,5048.97,win,35.55
4H,51.04,-1.51,1.495,london,bearish,long,57.25,4798.72,loss,-46.13
15m,68.41,-11.95,2.341,newyork,bearish,short,9.16,4967.78,loss,-7.05
15m,30.48,-0.43,0.62,overnight,bearish,short,24.76,4909.59,win,30.48
1H,44.05,-13.24,1.174,asia,bearish,short,5.48,4649.68,loss,-5.08
15m,50.3,4.23,0.719,asia,bearish,short,58.97,4937.15,win,66.81
15m,46.62,3.02,1.502,london,bullish,long,54.65,4665.35,win,48.47
Daily,30.43,15.26,0.757,newyork,bullish,short,6.54,5136.42,win,7.91
Daily,32.68,6.78,0.83,newyork,bullish,long,6.0,5453.37,win,5.23
4H,66.88,-3.38,0.855,london,bullish,long,25.18,5439.8,win,21.26
15m,49.22,6.54,1.024,london,bearish,long,19.22,5231.1,win,23.6
1H,27.44,-11.18,1.177,newyork,bullish,short,51.58,4902.64,win,43.23
4H,25.82,-7.7,1.245,london,bullish,short,13.83,5124.0,win,12.92
15m,48.67,2.67,1.049,newyork,bearish,short,48.49,4267.07,win,62.78
1H,33.22,-17.27,0.66,asia,bearish,long,35.5,4718.53,loss,-27.42
15m,60.26,-0.3,1.356,london,bullish,long,25.76,4385.96,win,33.8
15m,64.77,-8.16,1.032,newyork,bearish,short,13.01,4005.24,win,12.96
1H,36.41,0.81,1.579,asia,bullish,long,59.87,5450.11,win,66.87
15m,54.61,-8.62,0.821,asia,bearish,short,38.99,5295.77,win,49.28
15m,32.72,3.39,0.6,asia,bearish,short,29.17,4770.55,loss,-24.19
4H,40.18,0.15,1.039,newyork,bearish,short,25.41,4381.23,win,31.37
Daily,69.44,11.2,1.655,asia,bearish,long,54.82,5039.46,win,47.06
1H,52.2,0.05,1.112,london,bearish,long,50.17,4652.2,loss,-42.47
4H,69.29,-6.15,0.98,newyork,bearish,long,49.62,5205.02,win,58.66
Daily,36.26,-1.98,0.775,london,bearish,short,38.89,5499.28,win,42.62
15m,41.5,-10.75,1.945,newyork,bullish,long,53.84,4523.62,loss,-42.1
1H,48.55,3.25,0.733,newyork,bearish,short,21.46,4366.6,loss,-14.83
15m,49.0,4.72,0.816,london,bearish,long,43.7,4401.07,loss,-34.48
15m,74.88,19.75,1.283,asia,bearish,long,27.24,4140.02,loss,-17.12
4H,30.72,-4.97,0.549,newyork,bearish,long,38.0,4591.07,loss,-36.45
1H,67.6,-2.14,1.642,london,bearish,short,59.9,4026.14,win,66.94
1H,68.18,-4.61,1.308,london,bullish,short,59.15,4171.59,win,54.25
15m,52.66,1.7,1.44,newyork,bullish,long,33.19,4407.54,win,40.3
15m,42.2,3.05,1.278,newyork,bullish,short,36.56,4239.79,loss,-33.51
Daily,50.96,-0.43,0.994,newyork,bearish,short,54.35,5098.24,win,49.44
15m,39.62,8.69,0.725,london,bearish,short,59.21,4158.41,win,80.9
15m,64.96,-4.94,1.001,asia,bullish,short,47.82,5298.99,win,52.8
15m,49.91,7.89,0.747,overnight,bullish,long,8.59,4331.67,loss,-8.36
1H,71.29,4.31,1.246,newyork,bearish,long,22.75,4162.89,win,31.59
1H,56.13,-0.1,1.394,newyork,bearish,short,54.31,4015.16,win,55.39
1H,50.72,-2.52,1.763,overnight,bearish,long,47.26,5072.81,win,64.55
15m,60.55,19.41,1.197,overnight,bullish,long,45.82,4384.93,loss,-31.06
15m,50.2,-6.54,1.453,newyork,bullish,long,41.74,4764.25,win,49.24
4H,70.23,2.38,0.947,overnight,bullish,short,27.84,4167.42,win,26.19
1H,34.22,-6.0,0.889,overnight,bullish,long,27.18,5477.94,win,22.59
1H,73.67,14.28,1.241,asia,bearish,long,49.49,4188.08,loss,-37.18
1H,65.61,7.09,0.918,newyork,bullish,short,21.16,4617.89,loss,-15.25
4H,68.04,-5.43,1.155,london,bearish,long,42.67,5277.47,loss,-37.16
15m,49.15,4.1,0.725,london,bearish,long,44.94,4367.33,win,52.01
15m,66.86,2.06,0.772,newyork,bullish,long,51.45,4400.46,loss,-46.87
1H,40.34,-4.13,1.313,newyork,bullish,long,22.59,5212.75,loss,-17.95
15m,63.1,6.07,1.434,newyork,bearish,short,45.8,4410.01,win,56.77
4H,32.02,3.11,0.745,newyork,bullish,short,10.86,4004.31,win,14.87
1H,40.35,1.73,1.329,newyork,bullish,long,12.59,4641.87,win,15.69
4H,47.29,-0.34,0.872,asia,bearish,short,27.95,4018.8,win,35.52
4H,41.12,3.45,1.057,london,bearish,short,8.04,5364.69,win,9.81
1H,44.35,1.84,1.726,london,bearish,short,57.12,4962.72,win,53.4
Daily,66.01,0.47,1.395,asia,bullish,short,54.6,4874.52,loss,-34.15
1H,37.83,-5.13,1.389,asia,bullish,short,7.69,4302.38,win,10.53
4H,62.26,13.55,2.05,overnight,bullish,long,51.11,5049.92,loss,-43.08
15m,28.69,-8.4,0.822,overnight,bullish,long,32.99,5015.88,loss,-21.97
1H,63.29,3.42,0.744,overnight,bullish,short,43.61,4090.7,loss,-31.36
1H,64.6,-2.56,0.816,newyork,bearish,short,53.78,5321.27,win,50.49
15m,45.08,14.08,0.962,newyork,bullish,short,36.73,4869.12,loss,-31.36
15m,61.12,-7.23,0.461,london,bearish,long,11.4,5188.7,win,13.53
Daily,70.76,-5.88,0.978,newyork,bearish,long,5.14,4394.37,loss,-3.23
1H,65.04,-7.76,0.869,overnight,bearish,short,32.33,4183.07,win,36.95
15m,44.52,2.59,1.383,newyork,bullish,long,57.21,5053.67,win,73.52
15m,49.21,-10.98,1.189,newyork,bullish,short,36.49,5190.82,win,42.56
15m,63.97,-3.83,0.852,london,bearish,short,25.51,4579.05,win,24.93
15m,39.63,-17.22,1.292,london,bullish,short,6.7,4035.54,win,8.27
Daily,65.19,1.92,1.354,london,bearish,long,55.32,5227.38,loss,-51.64
1H,41.4,-4.0,0.803,london,bullish,short,22.99,4309.14,win,30.74
15m,65.3,-11.9,0.885,overnight,bullish,short,43.76,4508.55,win,37.66
1H,29.34,8.68,0.482,newyork,bearish,short,43.18,4942.35,win,56.92
15m,27.22,-10.46,0.718,asia,bearish,short,18.96,4149.93,win,20.84
15m,74.88,6.38,0.811,asia,bullish,long,8.51,4107.99,loss,-6.8
4H,68.47,-5.61,1.079,london,bearish,short,26.18,4038.56,win,28.8
1H,69.14,12.81,0.755,london,bullish,short,22.44,5374.96,loss,-15.85
Daily,72.56,6.0,0.878,asia,bearish,short,43.51,4467.07,loss,-30.14
1H,46.92,-8.06,0.685,london,bearish,short,50.09,4990.99,win,65.61
1H,39.34,-7.34,1.116,overnight,bearish,long,17.23,5483.85,loss,-13.4
4H,31.5,4.84,1.22,london,bearish,short,34.05,5004.18,loss,-31.55
Daily,50.06,-2.1,1.21,asia,bullish,long,7.23,4787.64,win,8.71
4H,36.0,-1.35,1.056,asia,bearish,long,16.78,4781.38,win,22.06
Daily,71.78,10.18,0.613,london,bullish,short,46.9,4565.38,win,60.58
4H,25.2,-5.99,0.846,london,bullish,long,48.64,4899.67,win,51.33
4H,32.16,0.73,0.912,overnight,bullish,long,47.7,5438.19,win,39.54
15m,37.32,7.64,0.913,london,bullish,short,12.83,5182.07,loss,-10.04
4H,34.95,6.47,1.079,newyork,bearish,short,35.31,4636.34,win,36.63
1H,36.29,-1.28,1.731,newyork,bullish,long,28.25,4498.67,win,28.72
1H,57.8,-2.31,1.397,london,bullish,long,59.53,5325.3,win,74.75
1H,41.38,-13.91,0.744,asia,bullish,long,40.97,4203.68,loss,-40.85
Daily,55.75,-8.45,1.333,asia,bearish,short,56.44,5274.38,loss,-51.42
Daily,69.51,2.55,1.315,newyork,bearish,long,12.99,4382.62,win,10.99
15m,55.13,-1.1,0.793,asia,bearish,short,29.8,5073.44,loss,-25.31
4H,59.73,0.6,1.415,london,bullish,short,47.44,5209.33,win,65.44
4H,43.28,8.31,0.994,london,bullish,short,25.23,4715.49,loss,-15.44
15m,32.99,-9.5,0.642,newyork,bearish,long,39.79,4288.43,loss,-26.73
15m,41.03,-1.89,1.233,overnight,bearish,short,33.14,5267.15,loss,-21.25
15m,73.21,1.51,1.134,london,bearish,long,59.56,4551.26,win,57.61
4H,56.09,-5.63,0.971,london,bearish,long,14.56,4481.02,win,20.1
1H,38.88,11.45,1.038,newyork,bearish,long,56.44,4765.02,loss,-40.48
Daily,47.55,7.27,0.817,asia,bearish,long,27.09,4652.63,win,30.35
1H,66.78,2.32,1.302,london,bullish,short,30.74,5024.58,win,32.01
Daily,58.42,14.35,1.035,newyork,bullish,long,34.07,4205.8,win,29.49
1H,53.03,-11.99,1.114,asia,bullish,short,19.6,4653.53,loss,-15.56
4H,69.26,-0.06,1.191,newyork,bullish,long,58.0,5337.55,loss,-52.2
15m,58.62,2.93,0.702,london,bullish,long,55.13,4054.09,loss,-35.22
1H,57.14,-7.32,0.769,london,bearish,long,58.51,4686.01,loss,-45.13
4H,34.49,2.41,0.485,newyork,bullish,long,59.83,4990.8,win,68.45
Daily,30.32,-8.85,1.281,newyork,bullish,long,41.84,5331.57,win,34.17
4H,73.26,5.52,0.688,overnight,bullish,short,29.84,4890.68,loss,-27.63
15m,54.94,8.46,1.101,newyork,bullish,short,51.79,5236.73,loss,-48.65
15m,45.78,2.18,1.197,asia,bullish,long,6.31,4334.04,win,5.58
15m,54.45,-14.82,1.298,overnight,bullish,short,50.89,4529.21,win,40.88
15m,28.09,-7.73,0.69,newyork,bearish,short,32.35,5413.2,loss,-30.12
1H,66.11,4.52,1.028,newyork,bearish,long,42.03,5328.96,win,55.39
4H,35.83,0.17,1.886,overnight,bullish,long,25.57,4836.93,win,21.92
4H,65.23,-21.55,1.916,london,bearish,long,25.27,4713.23,loss,-25.13
4H,51.72,9.94,1.485,asia,bearish,short,6.74,4676.6,win,7.21
4H,38.83,1.09,1.183,asia,bearish,short,28.31,4088.18,win,25.8
4H,26.51,-6.55,0.739,london,bullish,long,27.46,5338.57,win,34.09
15m,65.79,7.96,1.352,newyork,bearish,short,17.36,5227.22,win,14.5
15m,33.82,-5.42,0.995,london,bullish,short,18.6,4684.38,loss,-16.94
1H,27.59,-5.51,1.279,london,bullish,short,37.13,4419.16,win,38.23
4H,62.79,2.87,0.842,newyork,bullish,long,22.48,4514.38,win,24.25
15m,42.5,14.25,0.99,london,bearish,short,50.66,4184.74,win,53.44
1H,44.47,12.99,1.113,asia,bullish,short,11.13,5082.68,win,9.92
1H,37.35,2.88,1.146,overnight,bullish,short,36.77,4835.0,win,34.28
15m,67.96,3.7,1.25,asia,bullish,short,13.8,4351.16,win,11.58
1H,39.87,6.33,0.858,london,bullish,short,34.05,4934.51,loss,-25.99
4H,35.51,-10.06,0.657,london,bearish,short,35.39,5468.85,win,49.08
1H,40.46,5.15,1.856,london,bullish,long,40.33,4183.59,win,39.03
15m,35.16,-5.87,2.512,london,bullish,long,28.51,4687.73,win,28.06
4H,40.88,2.55,1.229,overnight,bullish,long,33.02,4741.24,win,28.94
15m,29.15,-1.82,0.661,newyork,bullish,long,14.95,4250.2,win,18.74
4H,32.93,4.01,0.802,london,bullish,short,30.47,4797.37,win,41.27
15m,45.85,0.94,1.256,asia,bearish,short,25.52,4908.97,win,32.5
1H,68.97,-24.58,1.681,newyork,bullish,short,41.64,4236.02,win,48.61
15m,27.86,1.43,0.688,london,bullish,short,28.92,4232.09,loss,-26.95
15m,35.63,5.14,1.007,london,bearish,long,47.86,5284.52,win,49.9
4H,70.42,3.57,1.126,newyork,bearish,long,28.43,4467.08,loss,-22.72
15m,69.5,-0.82,1.423,asia,bullish,short,17.97,4945.5,loss,-12.05
15m,58.97,13.14,0.932,london,bullish,long,20.05,4940.16,win,16.06
15m,37.02,2.49,0.608,overnight,bullish,short,7.49,5258.76,win,8.18
4H,45.99,3.5,1.307,overnight,bearish,long,34.7,5109.84,win,33.27
4H,35.56,8.36,1.558,asia,bullish,long,50.7,5260.86,win,43.18
Daily,31.43,2.9,1.021,london,bullish,short,47.3,4937.82,loss,-28.71
15m,44.0,-7.18,1.211,london,bearish,short,29.08,4674.19,win,23.4
1H,53.79,-19.51,0.89,overnight,bullish,short,15.79,4590.35,loss,-10.57
15m,43.0,-3.82,0.782,newyork,bullish,long,52.49,4568.54,win,73.12
1H,55.54,6.09,1.506,newyork,bearish,short,8.12,4627.59,win,8.85
Daily,39.81,-2.82,1.204,asia,bullish,short,26.96,4193.96,loss,-18.0
4H,42.29,6.41,1.248,london,bearish,short,52.11,4635.94,win,60.63
1H,64.53,1.19,1.778,asia,bearish,long,26.62,4584.17,loss,-26.61
15m,68.92,10.3,0.727,overnight,bullish,long,11.48,4051.86,loss,-10.2
Daily,41.1,-2.36,0.867,asia,bearish,short,19.63,4412.7,win,18.65
1H,53.58,3.74,1.111,newyork,bearish,long,38.0,5127.86,win,44.25
15m,38.91,4.05,0.863,overnight,bearish,short,13.36,4866.92,win,18.22
15m,27.67,12.01,1.383,newyork,bullish,long,41.02,5209.25,win,40.16
15m,61.89,-13.65,0.985,asia,bullish,long,29.1,4814.03,win,29.86
15m,33.55,-3.67,0.743,asia,bullish,short,23.39,5281.13,loss,-20.67
15m,46.29,6.79,1.076,asia,bearish,long,18.25,5194.1,win,16.53
1H,49.35,12.37,1.116,london,bullish,long,50.28,4147.43,win,42.55
1H,34.22,1.92,1.458,london,bearish,short,26.82,5465.51,win,30.94
15m,29.73,-2.34,1.206,london,bearish,long,45.62,4022.12,loss,-33.96
1H,42.4,6.06,1.235,newyork,bearish,short,29.22,4895.26,win,26.54
Daily,72.61,6.95,1.176,newyork,bullish,long,10.05,5188.77,loss,-8.93
4H,55.76,-2.88,0.984,newyork,bullish,short,29.23,4497.84,win,34.95
1H,44.07,2.64,0.818,newyork,bearish,long,32.92,4897.85,win,36.42
15m,26.95,9.44,1.163,asia,bullish,long,30.18,4543.18,loss,-27.64
4H,55.01,15.12,0.936,overnight,bullish,short,49.89,4090.92,win,57.16
15m,29.61,5.94,1.899,london,bearish,short,55.1,4012.69,loss,-51.1
15m,52.13,0.35,1.682,asia,bearish,long,48.27,4142.29,win,61.89
Daily,62.6,-0.43,1.312,asia,bearish,short,37.05,4147.61,win,47.27
1H,46.18,4.46,1.2,newyork,bearish,long,34.78,4916.33,loss,-27.78
4H,39.97,-0.93,1.019,london,bullish,long,40.45,4788.8,loss,-37.79
1H,27.37,1.52,0.676,asia,bullish,short,20.83,4683.19,loss,-16.04
1H,26.24,-8.46,0.975,overnight,bullish,short,49.65,5037.88,loss,-32.96
15m,46.5,10.38,1.089,asia,bullish,long,52.13,4025.24,loss,-37.8
15m,69.17,-9.12,1.139,overnight,bearish,short,19.7,4406.48,win,26.3
15m,37.2,-3.46,1.239,overnight,bullish,long,54.66,5166.09,loss,-47.68
15m,53.7,0.78,1.451,newyork,bearish,long,51.68,5364.97,loss,-34.71
4H,59.22,15.93,0.825,newyork,bearish,long,28.35,4657.5,win,32.95
15m,28.04,-3.38,0.828,newyork,bearish,long,55.0,4122.23,win,58.46
1H,32.66,-5.33,1.747,overnight,bullish,short,11.62,5198.09,win,14.53
4H,41.56,-4.41,1.377,london,bullish,long,6.54,5327.76,win,7.29
4H,58.5,13.27,0.917,newyork,bearish,long,24.13,4620.49,win,20.41
1H,46.95,-22.5,1.013,overnight,bearish,short,36.1,4365.03,win,34.18
1H,61.71,-8.02,1.014,london,bullish,short,24.33,4065.96,win,32.35
Daily,68.38,21.85,1.063,asia,bullish,long,56.81,4886.62,win,46.74
1H,62.92,4.73,1.24,newyork,bearish,short,19.01,5364.8,win,23.61
4H,74.61,-8.85,2.553,overnight,bearish,long,20.47,5016.83,loss,-19.02
Daily,62.72,-0.34,1.123,overnight,bullish,short,39.92,4475.87,win,42.77
4H,67.61,0.54,1.326,newyork,bullish,short,5.21,4964.33,win,5.83
15m,66.62,6.77,0.583,asia,bearish,long,45.02,5248.1,loss,-31.5
1H,61.51,14.72,0.887,newyork,bearish,long,25.76,4713.75,loss,-19.88
15m,65.09,3.11,1.616,newyork,bearish,short,58.78,5229.62,win,71.48
1H,71.73,-4.32,1.21,asia,bullish,long,43.03,4587.86,win,36.62
Daily,48.76,6.3,0.226,asia,bullish,long,7.87,4522.76,win,8.06
1H,56.91,-5.59,1.331,london,bearish,short,10.09,4874.48,loss,-7.28
1H,50.75,-8.27,2.057,london,bearish,long,9.85,4697.03,loss,-7.58
15m,67.55,-14.08,0.523,asia,bearish,short,57.39,5465.67,loss,-47.88
Daily,46.57,-12.52,1.789,newyork,bullish,short,42.62,4774.58,win,53.99
15m,65.99,-7.17,0.398,newyork,bullish,long,28.52,4577.76,win,24.66
15m,64.97,-9.42,1.46,london,bullish,long,16.03,4592.4,win,13.96
15m,73.09,2.51,1.048,newyork,bullish,short,53.05,4821.91,loss,-41.94
15m,37.45,-9.6,0.462,overnight,bearish,long,16.09,4532.37,loss,-14.44
1H,60.48,-25.15,1.229,london,bullish,long,43.87,5084.36,win,56.53
1H,62.85,-8.35,1.573,newyork,bearish,long,46.98,4570.99,win,42.69
15m,71.81,-3.77,1.194,overnight,bearish,short,21.21,4576.22,win,23.54
15m,70.35,-4.84,1.29,london,bearish,long,32.77,4925.46,loss,-23.06
15m,53.68,12.16,0.91,asia,bearish,short,17.26,4091.27,win,16.13
15m,53.96,-4.91,0.548,london,bullish,long,25.84,4983.03,loss,-25.73
15m,33.36,7.05,1.339,overnight,bearish,short,58.08,4757.46,win,68.72
1H,73.75,-0.15,1.939,asia,bullish,short,43.12,4679.54,loss,-38.6
15m,37.75,-0.34,1.561,overnight,bullish,long,51.56,5078.88,loss,-33.77
15m,61.24,-6.68,0.524,london,bullish,short,34.73,5137.38,win,32.29
15m,64.79,-0.47,0.619,newyork,bullish,long,18.15,5269.39,loss,-12.16
1H,47.06,-6.12,0.782,asia,bearish,long,44.21,4562.2,loss,-43.11
15m,35.56,1.36,0.602,london,bullish,short,32.53,4490.56,loss,-30.14
15m,34.45,-1.89,1.068,london,bullish,short,14.73,5071.51,win,12.09
4H,67.82,-7.56,1.206,london,bullish,short,27.68,4872.71,loss,-27.34
15m,50.54,7.94,0.637,overnight,bullish,long,39.92,4947.7,win,36.52
1H,29.51,3.41,1.38,asia,bearish,long,45.44,4833.28,loss,-37.43
1H,60.85,-3.58,1.297,newyork,bullish,long,18.38,5159.04,win,14.9
15m,37.51,1.16,0.868,asia,bearish,long,53.18,4285.06,loss,-38.43
1H,68.82,-0.67,0.99,newyork,bullish,long,25.88,4833.57,win,21.6
4H,40.48,-6.94,0.531,newyork,bearish,short,19.91,4237.15,win,20.75
4H,35.01,0.56,0.936,newyork,bullish,long,15.73,4610.88,win,13.04
15m,29.24,-4.97,1.054,newyork,bullish,short,49.23,4995.99,win,57.33
15m,50.58,-7.56,1.115,london,bullish,long,24.48,4739.61,win,29.69
15m,47.54,-12.98,1.2,overnight,bearish,long,31.59,4569.39,win,39.13
1H,62.57,-2.87,1.145,asia,bearish,long,17.26,5327.46,loss,-14.15
1H,48.23,4.54,0.958,newyork,bullish,long,42.74,5159.24,win,56.46
15m,42.19,-5.56,1.162,newyork,bearish,long,47.96,4789.44,win,58.23
15m,38.08,20.17,1.493,london,bearish,long,23.67,5425.08,loss,-16.98
Daily,38.91,7.09,1.017,overnight,bullish,short,56.98,4636.55,loss,-39.41
15m,71.39,10.43,1.175,overnight,bullish,short,6.68,5182.11,loss,-6.51
1H,33.25,6.36,0.985,overnight,bearish,long,12.31,4251.9,loss,-9.3
4H,74.41,14.82,0.838,newyork,bearish,long,37.38,4428.69,loss,-31.18
15m,41.35,-6.3,1.262,london,bearish,long,43.58,4507.13,loss,-31.4
15m,29.42,-20.49,0.866,london,bullish,long,18.79,4158.73,loss,-16.55
15m,37.43,-3.57,1.203,london,bullish,long,35.47,4752.71,loss,-22.72
Daily,27.92,4.47,1.062,london,bullish,long,22.51,4288.39,win,20.37
15m,64.5,1.21,0.945,london,bullish,short,35.47,4951.28,loss,-31.85
15m,50.63,2.2,0.937,overnight,bearish,long,41.26,4285.14,loss,-36.75
15m,41.85,10.57,0.88,london,bullish,long,58.5,4185.26,loss,-41.3
15m,58.1,3.06,0.591,london,bullish,long,30.06,5453.63,loss,-22.31
1H,56.53,6.39,1.202,asia,bullish,short,40.65,4987.36,win,52.52
15m,71.99,-7.52,1.14,newyork,bullish,long,36.79,5404.68,win,49.57
1H,73.06,-8.76,1.415,asia,bearish,long,22.47,4734.83,loss,-15.13
1H,59.03,12.91,0.873,newyork,bullish,long,18.92,4050.1,win,20.23
4H,65.89,0.81,2.041,overnight,bearish,long,59.33,4861.56,loss,-42.29
15m,64.62,-4.99,0.92,newyork,bullish,long,16.38,4837.49,loss,-14.08
4H,49.57,-4.97,0.774,newyork,bullish,short,48.47,4022.46,loss,-42.47
1H,60.22,-5.19,0.742,asia,bullish,long,13.06,5291.86,loss,-10.59
15m,28.91,-5.67,0.573,newyork,bearish,long,49.24,4929.96,win,52.84
4H,62.9,-10.27,1.798,newyork,bullish,short,15.22,5117.04,loss,-11.77
4H,73.09,-12.0,1.699,newyork,bullish,long,58.19,4740.88,win,74.28
15m,29.25,-1.56,1.297,london,bearish,long,42.73,4927.6,loss,-26.36
Daily,66.81,-4.74,0.768,asia,bearish,long,9.96,4386.2,win,12.21
1H,71.65,8.86,1.982,london,bullish,short,43.12,5460.64,loss,-37.68
1H,36.31,2.34,0.93,london,bearish,short,38.2,4601.08,win,50.03
Daily,51.24,2.12,0.957,london,bearish,short,23.57,4243.49,win,18.97
15m,71.39,-5.94,1.739,asia,bullish,short,19.34,4083.87,loss,-14.27
4H,73.01,-0.97,1.324,newyork,bearish,short,44.53,4954.26,win,48.21
15m,31.39,2.89,2.271,asia,bullish,short,45.77,5475.07,win,59.98
4H,42.45,5.73,1.147,overnight,bullish,short,23.0,5343.69,loss,-20.46
1H,59.91,-0.75,0.915,london,bearish,short,53.19,5053.16,win,61.54
15m,36.08,8.63,0.849,asia,bullish,short,19.79,5485.9,win,18.35
1H,41.24,0.06,0.551,newyork,bearish,long,8.84,5084.24,win,8.05
15m,26.16,6.34,0.954,london,bearish,long,37.99,4508.88,loss,-35.03
15m,32.68,-3.92,1.569,asia,bullish,short,10.89,4901.83,loss,-7.47
15m,53.12,-14.5,1.296,overnight,bullish,long,20.22,4119.65,win,22.88
15m,57.65,2.15,1.059,london,bullish,long,32.9,4332.52,loss,-29.04
15m,57.45,5.8,0.742,newyork,bearish,short,20.75,4626.31,win,21.45
15m,63.92,4.6,1.138,london,bullish,short,16.82,4302.73,loss,-15.47
4H,45.76,3.38,1.499,newyork,bullish,short,43.68,5430.25,loss,-35.05
4H,38.67,-2.79,1.222,newyork,bearish,long,35.08,5493.4,win,33.42
4H,25.78,-6.45,1.114,newyork,bearish,long,51.19,4556.4,win,62.39
15m,35.33,4.41,0.795,newyork,bearish,long,36.97,5063.84,win,37.57
4H,40.62,3.41,1.424,london,bullish,long,31.59,4611.66,win,28.27
1H,33.91,-4.49,0.351,asia,bearish,short,19.37,4209.26,loss,-18.56
15m,26.01,8.88,1.202,asia,bearish,long,48.56,4505.39,win,41.62
15m,32.87,-7.06,2.585,asia,bearish,long,15.83,4350.06,loss,-13.49
1H,58.3,-4.67,0.62,london,bullish,long,18.32,4492.12,loss,-16.02
15m,56.48,13.09,0.966,newyork,bearish,short,51.29,4322.53,win,56.99
1H,71.78,6.95,1.048,newyork,bullish,long,45.77,4168.52,win,50.35
Daily,64.91,-2.86,0.894,london,bearish,long,38.71,4326.14,win,34.52
15m,53.39,2.3,1.511,london,bullish,short,7.14,5358.64,win,7.86
15m,31.88,1.24,1.24,newyork,bullish,short,12.0,4127.83,loss,-8.64
Daily,53.2,-21.96,1.109,asia,bearish,long,32.5,4487.13,loss,-22.2
1H,28.08,-7.25,1.39,london,bearish,short,46.05,4792.67,win,38.44
15m,46.54,-0.41,1.057,asia,bearish,short,30.53,4531.77,win,32.18
4H,44.51,-2.85,3.199,newyork,bullish,long,5.95,4776.41,win,4.76
4H,46.39,1.98,1.108,asia,bearish,long,15.13,4065.13,win,19.25
1H,38.99,9.04,1.126,newyork,bullish,short,37.38,4972.85,win,33.63
1H,59.29,-2.57,0.578,newyork,bearish,long,43.18,4845.22,loss,-42.72
15m,67.05,-8.46,0.869,newyork,bearish,short,6.84,5021.45,win,5.65
15m,63.43,2.6,1.571,overnight,bearish,short,7.38,4850.89,loss,-4.86
1H,56.39,-2.61,0.659,newyork,bearish,short,19.37,4656.86,win,23.13
15m,51.92,-1.25,0.494,newyork,bearish,short,9.59,4525.21,loss,-6.76
1H,26.55,-2.33,1.063,newyork,bearish,long,34.81,4339.65,win,32.07
4H,61.15,17.93,1.699,asia,bullish,short,11.8,4750.1,win,11.98
15m,52.25,-17.93,1.067,london,bullish,short,40.65,4039.08,loss,-28.17
1H,38.54,-3.11,0.935,newyork,bullish,long,47.75,4492.36,loss,-38.12
15m,41.39,-0.03,0.549,newyork,bearish,short,58.38,5016.81,win,52.84
4H,71.78,-6.25,1.232,overnight,bearish,long,57.16,4163.08,loss,-52.12
15m,56.22,7.2,1.325,newyork,bullish,long,20.04,4094.34,win,18.88
1H,48.8,6.51,0.563,newyork,bullish,long,6.62,4978.27,loss,-6.24
1H,56.05,-0.38,1.564,overnight,bullish,long,23.12,4596.66,win,27.46
15m,45.69,-2.17,1.374,newyork,bullish,short,43.97,5202.74,win,44.3
1H,48.51,-0.9,1.563,london,bullish,long,8.29,5405.97,win,7.75
4H,39.52,-0.84,1.289,london,bearish,long,24.78,5435.56,win,32.71
1H,46.99,-0.63,1.322,london,bearish,short,21.39,4638.39,win,26.72
4H,59.28,-1.5,1.261,london,bullish,short,17.06,4396.49,win,21.57
Daily,27.0,2.02,1.425,newyork,bullish,long,43.84,4912.92,loss,-32.92
1H,64.75,6.03,0.556,asia,bearish,long,41.25,4942.29,win,55.65
1H,39.15,-9.84,0.622,asia,bearish,short,34.45,4933.52,loss,-24.69
15m,59.13,-8.41,0.813,london,bearish,short,55.09,4482.67,win,60.73
4H,57.14,-13.99,1.005,newyork,bullish,short,10.67,4095.63,loss,-10.12
1H,57.63,6.93,1.204,london,bullish,short,13.23,4315.01,win,17.71
1H,55.41,2.0,1.178,overnight,bullish,long,26.09,4231.63,win,29.39
15m,72.96,4.04,1.554,london,bearish,short,41.07,4185.85,win,53.19
4H,50.42,-11.44,1.571,newyork,bearish,long,37.12,5389.42,win,44.3
15m,61.62,14.28,0.775,newyork,bearish,long,9.07,4020.77,win,11.59
1H,60.27,-4.87,1.143,newyork,bullish,short,57.71,4902.79,win,70.17
15m,36.81,1.35,0.781,newyork,bullish,short,21.78,5421.21,win,29.46
Daily,39.17,6.84,0.984,asia,bearish,long,24.74,4540.08,win,23.14
15m,46.2,-7.9,1.177,london,bearish,long,39.3,4790.65,loss,-28.49
15m,38.88,-4.37,0.319,overnight,bearish,short,56.98,5043.68,loss,-43.38
4H,43.34,1.43,2.445,newyork,bullish,long,41.45,4475.75,win,45.63
Daily,44.55,22.86,1.282,asia,bullish,short,57.51,4716.48,loss,-40.15
15m,55.19,2.41,0.853,asia,bullish,long,15.32,5225.65,win,18.77
1H,35.99,12.85,2.064,overnight,bearish,short,39.03,5118.03,win,44.05
4H,65.21,9.65,0.931,london,bearish,long,50.59,5212.67,loss,-30.83
4H,46.88,2.94,1.101,london,bearish,long,33.0,5481.01,win,32.71
15m,60.31,-7.91,0.886,london,bullish,long,24.92,4555.49,win,32.78
1H,29.07,8.48,1.874,london,bearish,short,59.16,5120.64,win,51.15
4H,48.5,-11.98,1.013,newyork,bullish,short,12.75,4904.18,win,15.06
4H,26.41,12.81,1.108,overnight,bearish,short,27.6,4999.91,loss,-23.81
4H,58.8,1.6,1.602,overnight,bearish,short,53.04,5109.81,win,50.47
1H,42.19,-21.2,1.29,newyork,bearish,long,54.53,5124.6,win,54.31
15m,72.46,-2.72,1.031,newyork,bearish,short,58.92,5328.62,win,57.93
Daily,41.21,5.23,1.551,overnight,bearish,short,53.67,4523.98,win,61.1
4H,53.19,-1.9,2.556,overnight,bullish,short,7.8,4980.22,win,8.18
4H,37.87,5.72,1.175,london,bullish,short,56.14,4420.44,loss,-51.71
15m,56.01,-6.8,1.095,newyork,bearish,short,28.55,4891.85,win,38.11
15m,48.35,-10.45,1.116,asia,bearish,short,40.84,5126.76,win,37.69
4H,43.53,-0.57,1.663,newyork,bullish,short,26.69,5186.5,loss,-22.98
15m,35.18,0.25,0.852,newyork,bearish,long,49.75,4630.19,win,57.56
Daily,30.58,-2.79,0.954,overnight,bullish,short,36.68,4763.08,win,30.24
15m,30.99,9.82,0.614,overnight,bearish,long,51.5,4500.77,loss,-36.99
4H,74.95,-6.8,0.695,overnight,bullish,short,15.66,4253.55,loss,-10.54
4H,45.62,2.51,0.877,asia,bearish,long,15.17,4390.78,loss,-12.49
15m,25.1,0.54,1.031,london,bullish,short,29.22,5368.21,loss,-28.28
15m,72.65,-12.45,1.953,newyork,bullish,long,5.26,4463.45,win,6.72
1H,26.0,-10.55,1.268,newyork,bearish,short,43.11,5462.14,win,47.64
1H,45.93,0.1,0.764,newyork,bearish,long,21.28,4362.22,loss,-14.96
1H,60.87,15.85,0.815,newyork,bullish,long,35.65,5084.61,win,43.08
1H,70.73,4.63,1.701,newyork,bearish,short,8.85,4860.85,win,9.73
Daily,60.64,-13.81,1.559,newyork,bullish,short,14.39,5045.31,loss,-11.54
1H,48.18,-24.88,1.062,asia,bullish,long,39.26,4965.94,loss,-29.66
15m,73.72,5.86,0.9,newyork,bullish,long,21.81,5060.12,loss,-14.17
15m,26.97,-0.77,1.559,newyork,bullish,short,16.81,5358.32,win,16.32
15m,74.34,9.13,0.743,london,bearish,short,17.59,4845.2,win,16.95
15m,67.47,-7.05,1.206,london,bearish,long,16.82,4101.77,win,21.19
15m,71.45,2.8,2.329,overnight,bullish,short,39.26,4406.24,loss,-37.98
1H,37.74,6.77,1.13,newyork,bullish,long,14.22,5062.33,win,19.09
15m,32.12,-3.58,0.801,london,bearish,short,24.95,4741.11,win,23.39
Daily,58.17,-3.41,1.214,asia,bearish,long,42.83,4822.83,win,54.48
15m,50.79,0.2,0.892,newyork,bullish,long,33.25,4894.87,win,38.03
15m,51.16,4.34,0.645,london,bullish,long,37.85,4573.94,loss,-36.9
4H,71.23,-0.11,1.344,newyork,bullish,short,18.8,5160.84,loss,-18.5
4H,56.0,7.79,1.555,london,bullish,short,56.3,5085.3,win,72.7
15m,40.55,-3.7,0.943,asia,bearish,long,27.76,5071.45,loss,-25.75
15m,45.0,-10.63,0.921,london,bearish,short,20.78,5072.97,win,24.5
15m,31.67,15.82,0.751,london,bearish,short,54.74,5335.54,win,61.82
1H,34.62,-4.84,0.998,london,bearish,short,41.04,4893.09,win,32.94
1H,32.17,-4.55,0.863,newyork,bullish,short,38.77,5450.61,loss,-37.81
15m,65.51,-0.53,0.738,london,bearish,long,53.77,4178.79,win,69.29
15m,60.24,0.54,2.039,asia,bearish,long,8.22,4947.94,loss,-7.42
1H,51.52,-3.09,1.238,london,bearish,short,51.07,5075.39,win,61.71
Daily,43.72,-0.14,1.284,newyork,bullish,long,42.28,4715.83,win,45.92
1H,58.42,-0.32,1.432,newyork,bearish,long,24.8,4432.31,loss,-24.28
1H,65.65,1.4,1.377,newyork,bullish,long,19.1,4825.06,win,16.82
15m,69.06,-18.86,0.91,london,bearish,short,10.76,4547.12,win,11.49
15m,52.35,15.05,1.156,asia,bearish,short,56.76,5363.69,loss,-56.48
15m,65.99,-1.18,0.957,overnight,bearish,short,12.81,4535.19,win,13.78
4H,50.57,4.64,1.226,london,bearish,long,19.27,4263.56,win,20.62
4H,48.73,-11.02,1.185,london,bearish,long,43.01,4864.58,loss,-42.38
Daily,68.27,-3.77,0.919,overnight,bullish,short,44.06,4593.99,loss,-38.58
Daily,44.32,-5.38,0.66,newyork,bearish,long,13.84,4143.85,win,11.2
Daily,44.8,11.76,1.106,london,bearish,short,49.78,4847.26,win,40.12
Daily,40.25,-4.69,0.979,london,bullish,long,33.07,4806.77,win,33.86
15m,50.94,6.06,0.542,asia,bullish,long,51.67,4259.8,win,60.56
15m,52.24,-5.2,1.256,asia,bullish,long,9.8,4896.46,loss,-8.24
15m,58.02,-3.62,1.474,newyork,bearish,short,7.36,4851.04,win,8.24
1H,46.53,-1.96,2.547,overnight,bearish,short,40.03,5160.42,loss,-32.85
15m,35.89,10.27,0.917,newyork,bearish,long,13.25,4542.35,win,11.35
4H,68.34,-15.12,0.871,newyork,bearish,short,33.87,4373.14,loss,-32.69
1H,42.3,-10.53,0.713,newyork,bearish,short,5.78,5426.83,win,5.79
1H,71.15,-15.58,1.131,newyork,bearish,short,47.9,4841.83,win,56.78
15m,35.37,-8.7,1.128,london,bullish,short,54.47,4040.71,win,47.2
15m,53.0,-6.49,0.791,london,bullish,long,51.14,5231.07,win,62.68
15m,51.83,-12.92,0.989,newyork,bullish,short,57.71,4295.14,loss,-39.7
4H,66.43,-5.87,0.526,asia,bearish,short,54.67,5179.05,loss,-44.42
1H,31.94,-16.12,1.454,london,bullish,long,29.42,5057.74,loss,-24.46
4H,70.5,-8.14,0.803,newyork,bullish,long,26.91,5453.22,win,26.06
15m,51.57,9.6,1.039,newyork,bullish,short,54.29,5448.37,loss,-38.48
15m,54.31,3.23,0.638,newyork,bearish,short,55.98,4411.62,loss,-36.97
1H,50.51,1.5,0.857,asia,bearish,long,58.51,5149.67,loss,-38.37
4H,26.8,-8.02,0.953,asia,bearish,long,47.26,4475.28,loss,-41.8
4H,49.85,-12.29,1.047,asia,bullish,short,16.11,4943.8,loss,-11.09
15m,38.18,-9.11,1.243,london,bearish,long,56.97,4896.62,win,74.02
Daily,42.13,-0.35,1.74,newyork,bearish,long,57.09,4081.82,loss,-57.07
15m,57.46,6.95,1.359,newyork,bearish,short,41.64,4007.77,win,41.79
4H,49.88,7.22,1.472,london,bullish,short,52.15,4086.65,win,52.2
15m,29.66,5.04,1.744,london,bullish,long,35.86,4191.91,loss,-30.26
15m,28.65,-5.9,1.283,london,bearish,long,56.93,4386.48,win,57.38
4H,34.28,0.2,1.038,newyork,bullish,long,10.17,5360.43,win,10.39
15m,34.54,-2.57,1.497,newyork,bearish,long,52.52,4777.95,win,46.43
1H,55.42,-1.61,1.53,london,bearish,short,8.05,5195.34,win,8.16
1H,33.89,16.3,1.319,asia,bullish,long,23.65,5257.47,loss,-22.02
15m,69.09,-14.1,0.632,overnight,bearish,long,12.44,5102.41,loss,-9.21
4H,35.49,-1.88,0.783,london,bullish,long,31.35,4587.08,win,28.19
4H,29.56,9.69,0.955,overnight,bearish,short,17.77,5295.79,loss,-14.52
4H,68.79,-11.73,1.381,london,bullish,short,57.36,5113.07,loss,-55.28
15m,39.77,-5.15,1.043,overnight,bullish,short,35.76,5114.73,loss,-32.94
1H,46.27,-4.23,1.565,overnight,bullish,long,54.38,5352.36,win,66.7
15m,72.95,-1.79,1.666,london,bullish,short,20.29,4898.0,win,18.7
15m,72.22,-12.77,1.6,asia,bearish,long,6.43,4792.86,win,5.28
15m,60.75,4.76,1.603,overnight,bullish,short,47.66,5335.24,win,46.82
Daily,28.45,5.33,0.731,overnight,bullish,short,43.63,4681.69,loss,-28.27
4H,54.67,4.07,1.245,overnight,bullish,short,35.0,5217.36,win,36.31
4H,74.45,-6.96,0.85,newyork,bullish,long,49.84,4080.77,win,69.16
1H,72.35,0.69,0.59,london,bullish,short,51.2,4001.93,loss,-37.66
1H,30.3,-7.2,0.951,asia,bearish,short,37.33,4792.44,win,37.01
1H,44.8,-2.66,1.671,newyork,bearish,short,58.13,4110.42,win,71.79
1H,40.78,17.23,1.235,newyork,bullish,long,44.58,5464.81,win,49.29
1H,31.49,0.77,2.13,newyork,bearish,short,42.23,4008.25,loss,-36.66
15m,59.74,-9.5,1.119,newyork,bearish,short,24.88,5077.22,win,22.32
15m,38.69,1.44,2.476,london,bullish,long,5.12,4365.08,loss,-5.07
Daily,42.24,-10.81,1.119,asia,bearish,short,18.25,5451.33,loss,-15.12
1H,29.52,-9.59,1.06,london,bullish,long,47.02,4572.31,loss,-37.93
Daily,49.9,-8.33,0.672,asia,bullish,short,44.04,4040.93,win,56.17
15m,32.91,-3.55,1.551,asia,bullish,short,23.21,4040.4,loss,-15.19
1H,46.6,7.5,0.882,newyork,bullish,long,39.41,4830.06,loss,-34.46
15m,32.17,4.63,0.838,newyork,bearish,long,15.74,5480.07,win,14.2
15m,72.69,4.18,1.646,newyork,bearish,short,19.5,5469.66,loss,-18.99
15m,32.25,-8.79,1.577,overnight,bullish,long,57.11,4505.91,loss,-56.31
15m,51.09,-4.33,1.562,asia,bearish,long,27.72,4724.06,win,38.76
Daily,34.85,2.18,0.926,newyork,bearish,long,18.47,4150.68,loss,-12.88
15m,28.82,-5.03,1.033,london,bearish,short,31.79,4783.27,win,27.9
1H,35.12,-2.23,1.029,london,bearish,short,26.29,4899.55,loss,-15.99
1H,27.74,3.53,1.382,newyork,bearish,short,45.12,4376.59,loss,-41.99
1H,31.97,-2.79,1.811,overnight,bullish,long,57.92,4918.17,win,76.89
1H,49.67,1.81,1.196,asia,bearish,long,37.55,5349.54,win,44.69
15m,57.59,12.74,2.098,london,bearish,short,37.51,4001.43,win,42.99
Daily,29.37,-1.37,1.439,overnight,bearish,short,25.07,4343.4,loss,-17.68
4H,47.05,9.43,0.968,newyork,bearish,short,36.05,4314.88,win,44.55
4H,54.06,4.47,1.405,overnight,bullish,short,22.56,4185.83,loss,-18.33
1H,36.71,-11.74,1.91,london,bullish,short,5.06,4249.15,win,7.08
15m,43.6,-8.82,2.116,newyork,bullish,long,52.64,4938.87,win,71.85
Daily,28.59,-6.67,1.593,overnight,bullish,long,28.62,4154.04,loss,-23.11
15m,36.01,-6.84,1.061,london,bearish,short,32.06,5107.8,win,37.62
15m,48.34,-0.72,0.974,asia,bearish,short,9.59,5330.53,win,10.68
15m,74.52,4.92,1.286,overnight,bearish,short,51.04,5389.88,win,57.26
4H,74.81,10.04,1.889,london,bearish,short,14.37,4990.26,win,11.62
1H,73.98,2.47,1.224,london,bearish,long,27.58,4296.09,win,30.33
4H,46.15,-3.57,1.233,asia,bearish,long,51.21,4127.94,win,60.14
4H,29.03,-16.66,1.07,newyork,bearish,short,30.18,4348.04,win,36.07
15m,41.18,0.56,0.937,london,bearish,short,56.21,5442.94,win,56.17
Daily,36.89,0.21,0.993,newyork,bearish,long,16.51,5443.52,win,17.88
1H,25.71,1.46,1.102,asia,bullish,long,44.34,4572.88,win,52.4
1H,29.76,16.85,1.918,london,bearish,short,58.79,4488.69,win,62.14
15m,47.66,9.92,0.967,newyork,bearish,short,35.23,4765.02,loss,-26.35
Daily,41.98,6.28,1.071,asia,bearish,short,43.07,4437.53,win,52.69
15m,34.02,-7.7,0.777,newyork,bullish,long,26.63,5469.49,win,21.32
